giorno,primo_piatto_1 ,primo_piatto_2,primo_piatto_3,secondo,zuppa,insalata_1,insalata_2
27-10-2025,Penne alle cime di rapa,Maccheroni al sugo di tonno,Fusilli con piselli prosciutto cotto e panna ,Pollo alla piastra con fagiolini,Zuppa di funghi e speck croccante con farro,Insalatone misto con tonno e uovo,Insalatone con cavolo cappuccio melograno noci e semi di papavero con scaglie di grana
28-10-2025,Risotto con salsiccia e zafferano,Fusilli con radicchio rosso e provola,Penne al pomodoro e basilico,Pollo alla piastra con fagiolini,Vellutata di verdure con farro,Insalatone misto con tonno e uovo,
29-10-2025,Pici cacio e pepe,Penne con pomodoro mozzarella e origano,Fusilli con crema di broccoli e scaglie di provola,Parmigiana di Melanzane,Vellutata di zacca con pancetta croccante e farro,Insalatone misto con tonno e uovo,Insalatone misto con pollo alla piastra
30-10-2025,Gramigna con panna e salsiccia,Penne alla vodka,Fusilli ai 4 formaggi,Bocconicini di pollo all'aceto balsamico e purè,Zuppa di cavolo nerocon patate ceci e farro,Insalatone misto con tonno e uovo,Insalatone misto con speck croccante glassa d'aceto balsamico e scaglie di grana
31-10-2025,Spaghetti aglio olio e peperoncino,Gnocchi al ragù,Penne al pomodoro e basilico,Caprese con prosciutto crudo,Vellutata di verdure con farro,Insalatone misto con tonno e uovo,Insalatone misto con pollo alla piastra
3-11-2025,Fusilli con speck croccante zucchine e panna,Gnocchi al ragù,Penne al pesto di cavolo nero e scaglie di grana,Scaloppine al vino e fagiolini,Vellutata di porro e patate con farro,Insalatone misto con tonno e uovo,Insalatone misto con mele speck croccante noci e feta
4-11-2025,Gnocchi di patate ai 4 formaggi,Gramigna al ragù di salsiccia,Penne all'arrabbiata,Cous cous tiepido con bocconcini di pollo e verdure alla mediterranea,Zuppa di legumi e patate con crostini,Insalatone misto con tonno e uovo,Insalatone misto con pollo alla piastra arance e finocchi
5-11-2025,Spaghetti alla carbonara,Penne alla norma,Fusilli alla crema di broccoli,Involtini di cavolo ripieni con patate e provola,Zuppa di farro alla boscaiola e speck croccante ,Insalatone misto con tonno e uovo,Cesar Salad
6-11-2025,Risotto alla zucca e pancetta croccante,Sedanini alla boscaiola,Penne alle cime di rapa,Polpette al sugo con piselli,Vellutata di verdure con farro,Insalatone misto con tonno e uovo,Insalatone misto con cubetti di zucca gratinata e pancetta croccante
7-11-2025,Spaghetti aglio olio e peperoncino,Penne al sugo di tonno e peperoni,Fusilli con pomodoro mozzarella e origano,Caprese con prosciutto crudo,Vellutata di verdure con farro,Insalatone misto con tonno e uovo,Insalatone misto con pollo alla piastra
10-11-2025,Penne alla vodka,Fusilli con piselli prosciutto cotto e panna ,Sedanini con pomodoro e basilico,Panino hamburgher con fontina insalata e patate al forno,Zuppa di funghi e speck croccante con farro,Insalatone misto con tonno e uovo,Insalatone misto con crumble di prosciutto crudo melograno e scaglie di grana
11-11-2025,Gnocchi di patate alla polpa di grachio,Risotto con salsiccia e zafferano,Fusilli con pomodoro mozzarella e origano,Straccetti di lonza al vino con fagiolini,Vellutata di porro e patate con crostini,Insalatone misto con tonno e uovo,Insaltanone misto con pollo alla piastra finocchi e arance
12-11-2025,Sedanini con radicchio rosso e provola,Pici cacio e pepe,Penne alla puttanesca,Pollo alla piastra e spinaci,Zuppa di legumi con farro,Insalatone misto con tonno e uovo,Insalatone misto con mele speck croccante noci e feta
13-11-2025,Maccheroni all'amatriciana,Fusilli con speck croccante rucola e panna,Penne al sugo di tonno,Bocconicini di pollo alla boscaiola,Zuppa di cavolo nero con patate ceci e crostini,Insalatone misto con tonno e uovo,Insalatone misto con broccoli e patate
14-11-2025,Penne alla norma,Gramigna al ragù di salsiccia,Fusilli alla crema di broccoli,Caprese con prosciutto crudo,Vellutata di verdure con farro,Insalatone misto con tonno e uovo,Cesar Salad
17-11-2025,Spaghetti alla carbonara,Fusilli con pomodoro ricotta e noci,Penne al sugo di tonno,Alette di pollo con patate al forno,Vellutata di verdure con farro,Insalatone misto con tonno e uovo,Insalatona con cavolo cappuccio rosso carote ceci scaglie di grana e ceci
18-11-2025,Risotto alla zucca e pancetta croccante,Gnocchi di patate ai 4 formaggi,Fusilli al pomodoro e basilico,Parmigiana di Melanzane,Zuppa di farro alla boscaiola e speck croccante ,Insalatone misto con tonno e uovo,Insalatone misto con speck croccante glassa d'aceto balsamico e scaglie di grana
19-11-2025,Fusilli al pesto genovese e scaglie di grana,Gramigna con panna e salsiccia,Penne alla puttanesca,Involtini di cavolo verza ripieni con patate e provola,Zuppa di farro con zacca e pancetta croccante,Insalatone misto con tonno e uovo,Cesar Salad
20-11-2025,Penne alla vodka,Sedanini ai broccoli,Spaghetti aglio olio e peperoncino,Scaloppine al vino e purè,Zuppa di legumi con crostini,Insalatone misto con tonno e uovo,Insalatone misto con pollo alla piastra arance e finocchi
21-11-2025,Pici cacio e pepe,Penne alla boscaiola,Fusilli al pomodoro e basilico,Caprese con prosciutto crudo,Zuppa di legumi con crostini,Insalatone misto con tonno e uovo,Insalatone misto con pollo alla piastra
24-11-2025,Maccheroni all'amatriciana,Fusilli con speck e brie,Sedanini con prosciutto cotto e piselli,Scaloppine al vino con fagiolini,Vellutata di verdure con farro,Insalatone misto con tonno e uovo,Cesar Salad
25-11-2025,Gramigna con panna e salsiccia,Penne con pomodoro mozzarella e origano,Gnocchi di patate ai 4 formaggi,Bocconcini di pollo al limone e fagiolini,Zuppa di farro alla boscaiola e speck croccante ,Insalatone misto con tonno e uovo,Insalatone misto con crumble di prosciutto crudo melograno e scaglie di grana
26-11-2025,Penne alla vodka,Sedanini alla crema di broccoli,Fusilli alla puttanesca,Cotoletta di maiale con purè,Zuppa di farro con zucca e pancetta croccante,Insalatone misto con tonno e uovo,Cesar Salad
27-11-2025,Fusilli alle cime di rapa,Risotto alla boscaiola,Sedanini con pomodoro ricotta e noci,Crespelle con prosciutto cotto e formaggio,Zuppa di legumi con crostini,Insalatone misto con tonno e uovo,Insalatone misto con speck croccante glassa d'aceto balsamico e scaglie di grana
28-11-2025,Mezze maniche con crema di zucca e pancetta croccante,Pici cacio e pepe,Penne al pomodoro e basilico,Caprese con prosciutto crudo,Zuppa di legumi con crostini,Insalatone misto con tonno e uovo,Insalatone misto con pollo alla piastra
1-12-2025,Conchiglie al sugo di tonno e peperoni,Sedanini con speck zucchine e panna,Fusilli con pomodoro mozzarella e origano,Panino hamburgher con fontina insalata e patate al forno,Vellutata di verdure con farro,Insalatone misto con tonno e uovo,Cesar Salad
2-12-2025,Risotto alla birra e speck croccante,Gnocchi di patate al ragù di salsiccia,Penne all'arrabbiata,Involtini di cavolo verza ripieni con patate e provola,Zuppa di farro alla boscaiola e speck croccante ,Insalatone misto con tonno e uovo,Insalatone misto con speck croccante glassa d'aceto balsamico e scaglie di grana
3-12-2025,Pici cacio e pepe,Penne alla boscaiola,Fusilli con pomodoro ricotta e noci,Polpette al sugo con piselli,Zuppa di farro con zucca e pancetta croccante,Insalatone misto con tonno e uovo,Cesar Salad
4-12-2025,Spaghetti alla carbonara,Sedanini con radicchio rosso e provola,Penne con speck rucola e panna,Bocconcini di pollo al limone e purè,Zuppa di cavolo nero con patate ceci e crostini,Insalatone misto con tonno e uovo,Insalatone misto con feta ceci e mele
5-12-2025,Farfalle con prosciutto cotto e piselli,Maccheroni all'amatriciana,Penne al pomodoro e basilico,Caprese con prosciutto crudo,Zuppa di legumi con crostini,Insalatone misto con tonno e uovo,Insalatone misto con pollo alla piastra
09-12-2025,Sedanini con speck rucola e panna,Risotto alla zucca e pancetta croccante,Fusilli al pomodoro e basilico,Sformato di patate con prosciutto cotto e provola,Vellutata di verdure con farro,Insalatone misto con tonno e uovo,Cesar Salad
10-12-2025,Conchiglie con pomodoro ricotta e noci,Sedanini al pesto genovese e scaglie di grana,Spaghetti aglio olio e peperoncino,Pollo alla piastra con spinaci ,Zuppa di farro alla boscaiola e speck croccante ,Insalatone misto con tonno e uovo,Insalatone misto con speck croccante glassa d'aceto balsamico e scaglie di grana
11-12-2025,Penne al sugo di tonno,Gnocchi di patate ai 4 formaggi,Sedanini alla boscaiola,Cotoletta di lonza con purè,Zuppa di farro con zucca e pancetta croccante,Insalatone misto con tonno e uovo,Insalatone misto con feta ceci e mele
12-12-2025,Pici cacio e pepe,Fusilli alle cime di rapa e salsiccia,Penne all'arrabbiata,Sformato di verdure,Zuppa di cavolo nero con patate ceci e crostini,Insalatone misto con tonno e uovo,Insalatone misto con pollo alla piastra
15-12-2025,Sedanini al salmone,Fusilli al pesto di cavolo nero ,Penne con prosciutto cotto e piselli,Pollo alla piastra e fagiolini,Vellutata di verdure con farro,Insalatone misto con tonno e uovo,Insalatone misto con pollo alla piastra arance e finocchi
16-12-2025,Gramigna con panna e salsiccia,Risotto al radicchio rosso e provola,Penne al pomodoro e basilico,Involtini di verza con provola e patate,Zuppa di legumi con crostini,Insalatone misto con tonno e uovo,Insalatone misto con speck croccante glassa d'aceto balsamico e scaglie di grana
17-12-2025,Fusilli con ricotta e peperoni,Maccheroni alla carbonara,Penne con pomodoro mozzarella e origano,Spezzatino di maiale e patate,Zuppa di farro alla boscaiola e speck croccante ,Insalatone misto con tonno e uovo,Insalatone misto con feta ceci e mele
18-12-2025,Gnocchi di patate ai 4 formaggi,Mezze maniche con crema di zucca e pancetta croccante,Sedanini  con speck rucola e panna,Scaloppine al limone e spinaci,Zuppa di farro con zucca e pancetta croccante,Insalatone misto con tonno e uovo,Cesar Salad
19-12-2025,Penne alle cime di rapa e salsiccia,Spaghetti aglio olio e peperoncino,Sedanini al pesto genovese,Panino hamburgher con fontina insalata e patate al forno,Zuppa di cavolo nero con patate ceci e crostini,Insalatone misto con tonno e uovo,Insalatone misto con pollo alla piastra
22-12-2025,Gnocchi con gorgonzola e noci,Maccheroni all'amatriciana,Fusilli con pomodoro mozzarella e origano,Cotoletta di maiale con purè,Passato di verdure con farro,Insalatone misto con tonno e uovo,Insalatone misto con pollo alla piastra arance e finocchi
23-12-2025,Risotto allo zafferano e salsiccia,Sedanini alla boscaiola,Penne al sugo di tonno,Parmigiana di Melanzane,Vellutata di zucca e carote con pancetta croccante e crostini,Insalatone misto con tonno e uovo,Insalatone misto con speck croccante glassa d'aceto balsamico e scaglie di grana
29-12-2025,Fusilli con speck croccante zucchine e panna,Spaghetti aglio olio e peperoncino,Penne con pomodoro ricotta e noci,Pollo alla piastra con spinaci,Vellutata di verdure con farro,Insalatone misto con tonno e uovo,Insalatone misto con pollo alla piastra
30-12-2025,Risotto alla boscaiola,Gramigna con panna e salsiccia,Fusilli al pomodoro e basilico,Pollo alla piastra con fagiolini,Vellutata di verdure con crostini,Insalatone misto con tonno e uovo,Insalatone misto con speck croccante glassa d'aceto balsamico e scaglie di grana
2-1-2026,Penne al sugo di tonno,Fusilli con pomodoro mozzarella e origano,Mezze maniche alla carbonara,Pollo alla piastra con spinaci,Zuppa di legumi e patate con farro,Insalatone misto con tonno e uovo,Insalatone misto con pollo alla piastra
5-1-2026,Fusilli al pesto genovese e scaglie di grana,Maccheroni all'amatriciana,Sedanini alla puttanesca,Scaloppine al limone con fagiolini,Zuppa di farro con zucca e pancetta croccante,Insalatone misto con tonno e uovo,Insalatone misto con pollo alla piastra arance e finocchi
7-1-2026,Sedanini con speck rucola e panna,Conchiglie con prosciutto cotto e piselli,Penne al pomodoro e basilico,Bocconcini di pollo al vino e purè,Zuppa di legumi e farro,Insalatone misto con tonno e uovo,Cesar Salad
8-1-2026,Gnocchi di patate ai  4 formaggi,Mezze maniche alla carbonara,Sedanini al pomodoro mozzarella e origano,Sformato con verdure,Zuppa di farro con speck croccante e funghi,Insalatone misto con tonno e uovo,Insalatone misto con speck croccante glassa d'aceto balsamico e scaglie di grana
9-1-2026,Pici cacio e pepe,Gnocchi di patate al pomodoro e basilico,Penne con speck zucchine e panna,Involtini di verza con provola e patate,Vellutata di verdure con crostini,Insalatone misto con tonno e uovo,Insalatone misto con pollo alla piastra
12-01-2026,Sedanini al sugo di tonno,Fusilli con speck croccante e brie,Penne alla puttanesca,Pollo alla piastra con fagiolini,Zuppa di farro con zucca e pancetta croccante,Insalatone misto con tonno e uovo,Insalatone misto con pollo alla piastra arance e finocchi
13-01-2026,Risotto al radicchio rosso e provola,Gnocchi di patate al ragù di salsiccia,Penne con prosciutto cotto e piselli,Bocconcini di pollo al limone con patate lesse,Zuppa di legumi e cavolo nero con crostini,Insalatone misto con tonno e uovo,Insalatone misto con feta ceci e pomodori
14-01-2026,Penne alle cime di rapa,Spaghetti alla carbonara,Fusilli al pomodoro e basilico,Spezzatino di maiale e patate,Zuppa di farro con speck croccante e funghi,Insalatone misto con tonno e uovo,Cesar Salad
15-01-2026,Gramigna con panna e salsiccia,Risotto con zucca e pancetta,Penne ai broccoli,Polpette al sugo con piselli,Vellutata di porro e patate con crostini,Insalatone misto con tonno e uovo,Insalatone misto con speck croccante glassa d'aceto balsamico e scaglie di grana
16-01-2026,Farfalle con speck croccante e zucchine,Sedanini alla boscaiola,Penne alla puttanesca,Sformato di verdure,Vellutata di verdure con farro,Insalatone misto con tonno e uovo,Insalatone misto con pollo alla piastra
19-01-2026,Sedanini con ricotta e peperoni,Penne speck rucola e panna,Fusilli al pomodoro e basilico,Frittata di verdure,Zuppa di legumi con farro ,Insalatone misto con tonno e uovo,Insalatone misto con pollo alla piastra arance e finocchi
20-01-2026,Gnocchi di patate ai 4 formaggi,Risotto con salsiccia e zafferano,Fusilli alle cime di rapa,Bocconcini di pollo all'aceto balsamico con purè,Zuppa di farro con speck croccante e funghi,Insalatone misto con tonno e uovo,Insalatone misto con speck croccante glassa d'aceto balsamico e scaglie di grana
21-01-2026,Fusilli al pesto di cavolo nero,Maccheroni all'amatriciana,Sedanini al pomodoro mozzarella e origano,Crespelle con prosciutto cotto e formaggio,Vellutata di verdure con farro,Insalatone misto con tonno e uovo,Cesar Salad
22-01-2026,Fusilli al radicchio rosso e provola,Mazze maniche alla carbonara,Penne alla puttanesca,Parmigiana di Melanzane,Zuppa di farro con zucca e pancetta croccante,Insalatone misto con tonno e uovo,Insalatone misto con pollo alla piastra
23-01-2026,spaghetti alla carbonara,risotto spek taleggio e asparagi,penne alla puttanesca,Frittata di verdure,Zuppa di legumi con cavolo nero e farro,Insalatone misto con tonno e uovo,Insalatone misto con pollo alla piastra
09-02-2026,Sedanini al sugo di tonno,Fusilli con speck rucola ,Penne con prosciutto cotto e piselli,Sformato di verdure,Zuppa di legumi con farro,Insalatone misto con tonno e uovo,Insalatone misto con pollo alla piastra
10-02-2026,Risotto con zucca e pancetta croccante,Gnocchi di patate ai 4 formaggi,Penne all'arrabbiata,Polpette al sugo con piselli,Zuppa di farro con speck croccante e funghi,Insalatone misto con tonno e uovo,Insalatone misto con speck croccante glassa d'aceto balsamico e scaglie di grana
11-02-2026,Maccheroni all'amatriciana,Spaghetti aglio olio e peperoncino,Penne alla puttanesca,Scaloppine al vino con fagiolini,Vellutata di porro e patate con crostini,Insalatone misto con tonno e uovo,Cesar Salad
12-02-2026,Penne con salsiccia e cime di rapa,Sedanini alla boscaiola,Fusilli con pomodoro mozzarella e origano,Bocconcini di pollo all'aceto balsamico con purè,Zuppa di farro con zucca e pancetta croccante,Insalatone misto con tonno e uovo,Insalatone misto con speck croccante glassa d'aceto balsamico e scaglie di grana
13-02-2026,Pci cacio e pepe,Penne con speck croccante e zucchine,Fusilli al pomodoro e basilico,Sformato di patate con provola e prosciutto cotto,Vellutata di verdure con farro,Insalatone misto con tonno e uovo,Insalatone misto con pollo alla piastra
14-02-2026,,,,,,,
15-02-2026,,,,,,,
16-02-2026,Fusilli con speck croccante e brie,Sedanini con crema di broccoi e scaglie di grana,Penne con pomodoro ricotta e noci,Pollo alla piastra con spinaci ,Zuppa di farro ceci e carote,Insalatone misto con tonno e uovo,Insalatone misto con pollo alla piastra arance e finocchi
17-02-2026,Gramigna con panna e salsiccia,Risotto al radicchio rosso provola e noci,Penne al sugo di tonno,Panino hamburgher con fontina insalata e patate al forno,Zuppa di farro e legumi,Insalatone misto con tonno e uovo,Insalatone misto con speck croccante glassa d'aceto balsamico e scaglie di grana
18-02-2026,Penne al pesto genovese,Spaghetti alla carbonara,Sedanini alla puttanesca,Cotoletta di maiale con purè,Vellutata di verdure con crostini,Insalatone misto con tonno e uovo,Insalatone misto con feta e ceci
19-02-2026,Sedanini al salmone ,Gnocchi al ragù,Fusilli con prosciutto cotto e piselli ,Scaloppine al limone con fagiolini,Zuppa di farro con speck croccante e funghi,Insalatone misto con tonno e uovo,Insalatone misto con olive e mozzarella
20-02-2026,Fusilli con speck croccante rucola e panna,Maccheroni con pomodoro mozzarella e origano,Sedanini alla boscaiola,Sformato di patate con provola e prosciutto cotto,Vellutata di porro e patate con crostini,Insalatone misto con tonno e uovo,Insalatone misto con pollo alla piastra
,,,,,,,
,,,,,,,
23-02-2026,Gnocchi di patate ai 4 formaggi,Fusilli con peperoni e ricotta,Penne all'arrabbiata,Panino hamburgher con fontina insalata e patate al forno,Zuppa di farro e legumi,Insalatone misto con tonno e uovo,Cesar Salad
24-02-2026,Risotto alla birra e speck croccante,Fusilli alle cime di rapa,Penne al pomodoro,Roast beef con scaglie di grana e rucola,Zuppa di farro con speck croccante e funghi,Insalatone misto con tonno e uovo,Insalatone misto con feta e ceci
25-02-2026,Spaghetti alla siciliana con acciughe pangrattato olive e capperi,Maccheroni all'amatriciana,Penne al pomodoro con mozzarella e origano ,Bocconcini di pollo all'aceto balsamico e purè,Vellutata di verdure con crostini,Insalatone misto con tonno e uovo,Insalatone misto con speck croccante glassa d'aceto balsamico e scaglie di grana
26-02-2026,Penne con salsiccia funghi e panna,Fusilli primavera con zucchine carote e piselli,Sedanini al pomodoro,Involtini di verza con provola e patate,Vellutata di porro e patate con crostini,Insalatone misto con tonno e uovo,Insalatone misto con pollo alla piastra
27-02-2026,Mezze maniche con gorgonzola e olive nere,Gramigna al ragù,Fusilli con prosciutto cotto piselli e panna,Pollo alla piastra con fagiolini,Zuppa di farro ceci e carote,Insalatone misto con tonno e uovo,Insalatone misto con olive e mozzarella
02-03-2026,Penne al sugo di tonno ,Sedanini con speck croccante rucola e panna,Fusilli con pomodoro ricotta e noci,Scaloppine al vino con spinaci,Vellutata di verdure con farro,Insalatone misto con tonno e uovo,Cesar Salad
03-03-2026,Risotto al radicchio rosso provola e noci,Gramigna con panna e salsiccia,Penne al pomodoro,Cous cous con verdure alla mediterranea e straccetti di pollo,Vellutata di porro e patate con farro,Insalatone misto con tonno e uovo,Insalatone misto con feta e ceci
04-03-2026,Spaghetti alla carbonara,Sedanini al pesto genovese e pomodorini,Penne alla puttanesca,Sformato alle verdure,Zuppa di farro e legumi,Insalatone misto con tonno e uovo,Insalatone misto con olive e mozzarella
05-03-2026,Sedanini alla boscaiola,Maccheroni all'amatriciana,Fusilli con prosciutto cotto piselli e panna,Roast beef con scaglie di grana e rucola,Zuppa di farro con speck croccante e funghi,Insalatone misto con tonno e uovo,Insalatone misto con pollo alla piastra
06-03-2026,Pici cacio e pepe,Gnocchi al ragù,Penne al pomodoro,,Vellutata di verdure con farro,Insalatone misto con tonno e uovo,Cesar Salad
09-03-2026,Conchiglie con speck croccante zucchine e panna,Spaghetti alla siciliana con acciughe pangrattato olive e capperi,Fusilli con pomodoro ricotta e noci,Sformato di patate con prosciutto cotto e provola,Vellutata di carote e ceci con crostini,Insalatone misto con tonno e uovo,Insalatone misto con ceci zucchine grigliate e feta
10-03-2026,Sedanini al salmone con panna,Gnocchi di patate con gorgonzola e noci,Fusilli al pomodoro e basilico,Cotoletta di maiale con patate al forno,Zuppa di farro con legumi e cavolo nero,Insalatone misto con tonno e uovo,Insalatone misto con olive e mozzarella e pomodorini
11-03-2026,Pici cacio e pepe,Penne al sugo di tonno e peperoni,Fusilli con pomodoro mozzarella e basilico,Roast beef con pomodorini scaglie di grana e rucola,Zuppa di farro con speck croccante e funghi,Insalatone misto con tonno e uovo,Insalatone misto con speck croccante glassa d'aceto balsamico e scaglie di grana
12-03-2026,Sedanini con speck croccante rucola e panna,Risotto con salsiccia e zafferano,Penne alla vodka con pancetta,Polpette al sugo con piselli,Vellutata di verdure con farro,Insalatone misto con tonno e uovo,Insalatone misto con pollo alla piastra arance e finocchi
13-03-2026,Spaghetti al limone e timo,Gramigna al ragù ,Fusilli alle cime di rapa,Pollo alla piastra con fagiolini,Vellutata di porro e patate con crostini,Insalatone misto con tonno e uovo,Cesar Salad
16-03-2026,Fusilli primavera con zucchine carote e piselli,Gnocchi di patate ai 4 formaggi,Penne con pomodoro mozzarella e basilico,Panino hamburgher con fontina insalata e patate al forno,Cous cous con verdure alla mediterranea e straccetti di pollo,Insalatone misto con tonno e uovo,Insalatone misto con olive e mozzarella e pomodorini
17-03-2026,Risotto alla zucca e pancetta croccante,Penne al sugo di tonno ,Conchiglie con prosciutto cotto piselli e panna,Bocconcini di pollo al limone e fagiolini al vapore,Riso basmati con uovo sodo fagiolini e carote al vapore,Insalatone misto con tonno e uovo,Insalatone misto con feta ceci e pomodorini
18-03-2026,Maccheroni all'amatriciana,Fusilli con speck croccante e brie,Sedanini alla boscaiola,Scaloppine al vino con purè,Riso basmati con dadini di zucca gratinata e ceci al profumo di rosmarino,Insalatone misto con tonno e uovo,Insalatone misto con finocchi crumble di prosciutto crudo scaglie di grana e basilio
19-03-2026,Gramigna con panna e salsiccia,Gnocchi di patate al pomodoro,Conchiglie con prosciutto cotto piselli e panna,Roast beef di manzo con pomodorini scaglie di grana e rucola,Riso basmati con tofu glassato alla soia edamame e carote al vapore,Insalatone misto con tonno e uovo,Cesar Salad
20-03-2026,Spaghetti alla carbonara,Fusilli alla crema di broccoli ,Penne all'arrabbiata,Pollo alla piastra e fagiolini,Riso basmati con tonno broccoli al vapore e humus di ceci,Insalatone misto con tonno e uovo,Cesar Salad
23-03-2026,Sedanini con speck croccante zucchine e panna,Fusilli con peperoni e ricotta,Penne alla puttanesca,Sformato di patate con prosciutto cotto e provola,Riso basmati con uovo sodo spinaci e carote al vapore,Insalatone misto con tonno e uovo,Insalatone misto con mozzarella pomodorini e crumble di prosciurro crudo 
24-03-2026,Fusilli con pomodoro mozzarella e origano,Risotto con salsiccia e zafferano,Penne alle cime di rapa,Parmigiana di melanzane,Riso basmati con tonno humus di ceci e fagiolini al vapore,Insalatone misto con tonno e uovo,Insalatone misto con zucchine grigliate e feta
25-03-2026,Spaghetti alla siciliana con acciughe pangrattato olive e capperi,Sedanini con speck croccante rucola e panna,Penne al pesto genovese e pomodorini,Bocconcini di pollo al vino e finocchi gratinati,Riso basmati con pollo alla piastra broccoli al vapore e zucchine grigliate,Insalatone misto con tonno e uovo,Cesar Salad
26-03-2026,Conchiglie con speck croccante zucchine e panna,Maccheroni all'amatriciana,Penne al salmone affumicato e panna,Roast beef di manzo con pomodorini scaglie di grana e rucola,Riso basmati con canellini al profumo di limone e rismarino humus di carote e fagiolini al vapore,Insalatone misto con tonno e uovo,Insalatone misto con patate lesse e broccoli
27-03-2026,Pici cacio e pepe,Conchiglie con prosciutto cotto piselli e panna,Penne al pomodoro e basilico,Pollo alla piastra e spinaci,Riso basmati con feta pomodorini e ceci al profumo di rosmarino ,Insalatone misto con tonno e uovo,Insalatone misto con speck croccante glassa d'aceto balsamico e scaglie di grana
30-03-2026,Penne con crema di brie e speck croccante,Fusilli con pomodorini e rucola fresca,Sedanini con sugo di tonno e peperoni ,Scaloppine al limone con fagiolini,Riso basmati con uovo sodo spinaci e carote al vapore,Insalatone misto con tonno e uovo,Insalatone misto con speck croccante glassa d'aceto balsamico e scaglie di grana
31-03-2026,Fusilli pomodoro ricotta e noci,Risotto con radicchio rosso e provola,Penne con salsiccia e cime di rapa,Cotoletta di maiale con patate al forno,Riso basmati con humus di ceci broccoli e carote al vapore,Insalatone misto con tonno e uovo,Insalatone misto con olive e mozzarella e pomodorini
01-04-2026,Sedanini con speck croccante rucola e panna ,Gnocchi di patate al ragù,Mezze maniche alla carbonara,Sformato di patate con prosciutto cotto e provola,Riso basmati con pomodorini feta e ceci al profumo di rosmarino,Insalatone misto con tonno e uovo,Cesar Salad
02-04-2026,Fusilli primavera con zucchine carote e piselli,Gramigna con panna e salsiccia,Penne al pomodoro e basilico fresco,Cous Cous di verdure e pollo ,Riso basmati con humus di canellini fagiolini e broccoli al vapore,Insalatone misto con tonno e uovo,Insalatone misto con pollo alla piastra arance e finocchi
03-04-2026,Penne con pomodoro mozzarella e origano,Sedanini al salmone ,Fusilli con speck croccante zucchine e panna,Roast beef di manzo con pomodorini scaglie di grana e rucola,Riso basmati con tofu glassato alla soia edamame e carote al vapore,Insalatone misto con tonno e uovo,Insalatone misto con mozzarella pomodorini e crumble di prosciurro crudo 
07-04-2026,Risotto al pesto di cavolo nero e pancetta croccante,Gramigna con panna e salsiccia,Sedanini al sugo di tonno ,Polpette al sugo con piselli,Riso basmati con uovo sodo spinaci e carote al vapore,Insalatone misto con tonno e uovo,Cesar Salad
08-04-2026,Penne alla puttanesca,Maccheroni all'amatriciana,Conchiglie con prosciutto cotto piselli e panna,Parmigiana di melanzane,Riso basmati con feta pomodorini e zucchine grigliate,Insalatone misto con tonno e uovo,Insalatone misto con speck croccante glassa d'aceto balsamico e scaglie di grana
09-04-2026,Gnocchi di patate con gorgonzola e noci,Risotto alla birra e speck croccante,Fusilli alla crema di broccoli,Roast beef di manzo con pomodorini scaglie di grana e rucola,Riso basmati con humus di ceci broccoli e fagiolini al vapore,Insalatone misto con tonno e uovo,Insalatone misto con feta ceci e pomodorini
10-04-2026,Spaghetti aglio olio e peperoncino ,Penne al pesto genovese e pomodorini ,Sedanini con speck rucola e panna,Pollo alla piastra con spinaci,Riso basmati con uovo all'occhio di bue spinaci e carote al vapore,Insalatone misto con tonno e uovo,Cesar Salad
13-04-2026,Fusilli primavera con zucchine carote e piselli,Spaghetti alla carbonara,Penne con pomodoro mozzarella e origano,Straccetti di pollo al limone con fagiolini ,Riso basmati con tofu glassato alla soia edamame e carote al vapore,Insalatone misto con tonno e uovo,Insalatone misto con pollo alla piastra arance e finocchi
14-04-2026,Fusilli con pomodoro ricotta e noci,Risotto con radicchio rosso con provola e noci ,Sedanini al pesto genovese e pomodorini,Roast beef di manzo con pomodorini scaglie di grana e rucola,Riso basmati con uovo sodo spinaci e carote al vapore,Insalatone misto con tonno e uovo,Insalatone con feta zucchine grigliate ceci e pomodorini
15-04-2026,Penne alle cime di rapa e salsiccia,Sedanini con pancetta e asparagi,Gnocchi di patate ai 4 formaggi,Scaloppine al vino con spinaci,Riso basmati con feta pomodorini e zucchine grigliate,Insalatone misto con tonno e uovo,Insalatone con mozzarella olive verdi e pomodorini 
16-04-2026,Fusilli con speck croccante e brie,Sedanini con prosciutto cotto piselli e panna,Gnocchi di patate al pomodoro,Sformato di patate con prosciutto cotto e provola,Riso basmati con humus di ceci broccoli e fagiolini al vapore,Insalatone misto con tonno e uovo,Cesar Salad
17-04-2026,Spaghetti al limone e timo,Penne all'arrabbiata,Fusilli con speck croccante zucchine e panna,Cotoletta di maiale con patate al forno,Riso basmati con uovo all'occhio di bue spinaci e carote al vapore,Panino hamburgher con fontina insalata e patate al forno,Insalatone misto con speck croccante glassa d'aceto balsamico e scaglie di grana
20-04-2026,Spaghetti alla siciliana con acciughe pangrattato olive e capperi,Sedanini al salmone e panna,Penne alla boscaiola,C,Riso basmati con humus di cannellini carote e fagiolini al vapore,Insalatone misto con tonno e uovo,Insalatone con feta zucchine grigliate ceci e pomodorini
21-04-2026,Gnocchi di patate ai 4 formaggi,Risotto con salsiccia e zafferano,Penne con speck rucola e panna,Bocconcini di pollo alla mediterranea,Riso basmati con humus di ceci broccoli e fagiolini al vapore,Insalatone misto con tonno e uovo,Cesar Salad
22-04-2026,Penne con ricotta e noci,Maccheroni all'amatriciana,Fusilli alla crema di broccoli,Polpette al sugo con piselli,Riso basmati con tofu glassato alla soia edamame e carote al vapore,Insalatone misto con tonno e uovo,Insalata di patate con uova fagiolini e pomodorini
23-04-2026,Gramigna con panna e salsiccia,Penne alle cime di rapa,Conchiglie con prosciutto cotto piselli e panna,Roast beef di manzo con pomodorini scaglie di grana e rucola,Riso basmati con uova sode broccoli e spinaci,Insalatone misto con tonno e uovo,Insalatone misto con speck croccante glassa d'aceto balsamico e scaglie di grana
24-04-2026,Fusilli primavera con zucchine carote e piselli,Spaghetti aglio olio e peperoncino,Penne alla puttanesca,Sformato di patate con prosciutto cotto e provola,Riso basmati con feta pomodorini e ceci al profumo di rosmarino ,Insalatone misto con tonno e uovo,Insalatone misto con olive e mozzarella e pomodorini
27-04-2026,Sedanini speck rucola e panna,Pici cacio e pepe,Fusilli con pomodoro ricotta e noci,Pollo alla piastra con fagiolini,Riso basmati con uovo sodo spinaci e carote al vapore,Insalatone misto con tonno e uovo,Insalatone con feta zucchine grigliate ceci e pomodorini
28-04-2026,Risotto con asparagi e pancetta croccante,Gramigna al ragù,Penne con cime di rapa ,Roast beef di manzo con pomodorini scaglie di grana e rucola,Riso basmati con feta pomodorini e zucchine grigliate,Insalatone misto con tonno e uovo,Insalatone misto con speck croccante glassa d'aceto balsamico e scaglie di grana
29-04-2026,Sedanini con pomodoro mozzarella e origano,Spaghetti alla carbonara,Fusilli con prosciutto cotto piselli e panna,Scaloppine al vino con patate al vapore,Riso basmati con tofu glassato alla soia edamame e carote al vapore,Insalatone misto con tonno e uovo,Cesar Salad
30-04-2026,Maccheroni all'amatriciana,Fusilli con speck croccante zucchine e panna,Penne alla boscaiola,C,Riso basmati con humus di ceci fagiolini e broccoli al vapore ,Insalatone misto con tonno e uovo,Insalatona con dadini di prosciutto cotto mozzarella e olive verdi
04-05-2026,Sedanini al salmone e panna,Fusilli con ricotta e peperoni,Penne alla puttanesca,Involtini di verza con provola e patate,Riso basmati con uovo all'occhio di bue spinaci e carote al vapore,Insalatone misto con tonno e uovo,Insalatone con mozzarella olive verdi e pomodorini 
05-05-2026,Risotto allo zafferano e salsiccia ,Gnocchi di patate ai 4 formaggi,Conchiglie con prosciutto cotto piselli e panna,Cotoletta di maiale con patate al forno,Riso basmati con feta pomodorini e ceci al profumo di rosmarino ,Insalatone misto con tonno e uovo,Insalatone misto con speck croccante glassa d'aceto balsamico e scaglie di grana
06-05-2026,Sedanini primavera con zucchine carote e piselli,Gramigna al ragù,Fusilli con pomodoro mozzarella e origano,Pollo alla piastra e spinaci,Riso basmati con humus di cannellini carote e fagiolini al vapore,Insalatone misto con tonno e uovo,Cesar Salad
07-05-2026,Risotto con provola e radicchio rosso ,Sedanini speck rucola e panna,Fusilli alla crema di broccoli e scaglie di grana,Scaloppine al limone con fagiolini,Riso basmati con tofu glassato alla soia edamame e carote al vapore,Insalatone misto con tonno e uovo,Insalatone con feta zucchine grigliate ceci e pomodorini
08-05-2026,Pici cacio e pepe,Penne al pesto genovese e pomodorini ,Sedanini al pomodoro e basilico,Roast beef di manzo con pomodorini scaglie di grana e rucola,Riso basmati con uovo sodo spinaci e carote al vapore,Insalatone misto con tonno e uovo,Insalatone misto con pollo alla piatsra
11-05-2026,Orecchiette alle cime di rapa,Mezze maniche alla carbonara,Fusilli al pomodoro mozzarella e origano,Bocconcini di pollo al limone con spinaci al vapore,Cous cous al profumo di limone con tonno pomodorini mais e rucola ,Insalatone misto con tonno e uovo,Cesar Salad
12-05-2026,Risotto on speck croccante taleggio e asparagi,Gramigna al ragù,Conchiglie con pomodoro ricotta e noci,Straccetti di lonza al vino e fagiolini al vapore,Riso basmati con feta pomodorini e zucchine grigliate,Insalatone misto con tonno e uovo,Insalatone con mozzarella olive verdi e pomodorini 
13-05-2026,Sedanini alla crema di broccoli e scaglie di grana,Fusilli con speck croccante rucola e panna,Penne all'arrabbiata,Panino hamburgher con fontina insalata e patate al forno,Riso basmati con uovo all'occhio di bue spinaci e carote al vapore,Insalatone misto con tonno e uovo,Insalatone misto con speck croccante glassa d'aceto balsamico e scaglie di grana
14-05-2026,Fusilli al radicchio rosso e provola,Maccheroni all'amatriciana,Penne alla puttanesca,Sformato di patate con prosciutto cotto e provola,"Riso basmati con bocconcini di pollo e verdure saltate (peperoni, cipolle e zucchine)",Insalatone misto con tonno e uovo,Insalatona con dadini di prosciutto cotto mozzarella e olive verdi
15-05-2026,Spaghetti aglio olio e peperoncino ,Sedanini al sugo di tonno,Fusilli con prosciutto cotto piselli e panna,Cotoletta di maiale con patate al forno,Riso basmati con tofu glassato alla soia edamame e carote al vapore,Insalatone misto con tonno e uovo,Insalatone con feta zucchine grigliate ceci e pomodorini
18-05-2026,Pici cacio e pepe,Gnocchi di patate con pomodoro e basilico,Penne con speck croccante zucchine e philadelphia,Pollo alla piastra con fagiolini,Riso basmati con zucchine pomodorini e ceci al profumo di rosmarino ,Insalatone misto con tonno e uovo,Cesar Salad
19-05-2026,Risotto alllo zafferano e salsiccia,Fusilli con speck rucola e panna,Sedanini alla boscaiola,Parmigiana di melanzane,Riso basmati con uovo sodo spinaci e carote al vapore,Insalatone misto con tonno e uovo,Insalatone con feta zucchine grigliate ceci e pomodorini
20-05-2026,Spaghetti alla siciliana con acciughe pangrattato olive e capperi,Penne con speck croccante e brie,Fusilli con prosciutto cotto piselli e panna,Panino hamburgher con fontina insalata e patate al forno,Riso basmati con tofu glassato alla soia edamame e carote al vapore,Insalatone misto con tonno e uovo,Insalatona con dadini di prosciutto cotto mozzarella e olive verdi
21-05-2026,Orechiette ai broccoli,Gramigna al ragù,Penne alla puttanesca,Polpette al sugo con piselli,Riso basmati con humus di ceci fagiolini e broccoli al vapore ,Insalatone misto con tonno e uovo,Insalatone misto con speck croccante glassa d'aceto balsamico e scaglie di grana
22-05-2026,Maccheroni all'amatriciana,Sedanini con pesto genovese e pomodorini,Penne al sugo di tonno,Sformato di patate con prosciutto cotto e provola,Cous cous al profumo di limone con tonno pomodorini mais e rucola ,Insalatone misto con tonno e uovo,Insalatone con mozzarella olive verdi e pomodorini 
25-05-2026,Spaghetti alla carbonara,Orecchiette alle cime di rapa,Penne alla puttanesca,Farro con tonno pomodorini rucola e scaglie di grana,Riso basmati con tofu glassato alla soia edamame e carote al vapore,Insalatone misto con tonno e uovo,Insalatona con dadini di prosciutto cotto mozzarella e olive verdi
26-05-2026,Risotto con speck croccante taleggio e asparagi,Gramigna con panna e salsiccia,Penne all'arrabbiata,Bocconcini di pollo al vino con fagiolini,Riso basmati con feta pomodorini e zucchine grigliate,Insalatone misto con tonno e uovo,Insalatone misto con speck croccante glassa d'aceto balsamico e scaglie di grana
27-05-2026,Pici cacio e pepe,Sedanini primavera con zucchine carote e piselli,Fusilli con pomodoro ricotta e noci,Panino hamburgher con fontina insalata e patate al forno,Riso basmati con uovo sodo spinaci e carote al vapore,Insalatone misto con tonno e uovo,Insalatone con mozzarella olive verdi e pomodorini 
28-05-2026,Gnocchi di patate ai 4 formaggi,Sedanini al salmone e pomodorini,Fusilli con pomodoro mozzarella e origano,Scaloppine al limone con patate lesse,Riso basmati con humus di ceci fagiolini e broccoli al vapore ,Insalatone misto con tonno e uovo,Insalatone con feta zucchine grigliate ceci e pomodorini
29-05-2026,Farfalle al pesto genovese e pomodorini,Maccheroni all'amatriciana,Fusilli con speck croccante zucchine e philadelphia,Caprese con prosciutto crudo,Riso basmati con uovo all'occhio di bue spinaci e carote al vapore,Insalatone misto con tonno e uovo,Cesar Salad
03-06-2026,Pasta fredda con tonno zucchine grigliate e pomodorini,Spaghetti alla carbonara,Penne alla puttanesca,Caprese con prosciutto crudo,Riso basmati con humus di ceci fagiolini e broccoli al vapore ,Insalatone misto con tonno e uovo,Cesar Salad
04-06-2026,Pasta fredda con pesto genovese pomodorini e scaglie di grana,Gnocchi di patate al ragù,Penna alla crema di broccoli,Cotoletta di maiale con patate al forno,Riso basmati con uovo sodo spinaci e carote al vapore,Insalatone misto con tonno e uovo,Insalatone con feta zucchine grigliate e pomodorini
05-06-2026,Pasta fredda con speck zucchine e scaglie di grana,Penne al sugo di tonno ,Penne alla boscaiola,Parmigiana di melanzane,Riso basmati con feta pomodorini e ceci al profumo di rosmarino ,Insalatone misto con tonno e uovo,Insalatone misto con speck croccante glassa d'aceto balsamico e scaglie di grana
08-06-2026,Pasta fredda salmone scottato pomodorini e rucola,Pici cacio e pepe,Penne con pomodoro ricotta e noci,Scaloppine al vino con spinaci,Riso basmati con tofu glassato alla soia edamame e carote alla julienne,Insalatone misto con tonno e uovo,Insalatone con feta zucchine grigliate ceci e pomodorini
09-06-2026,Pasta fredda con radicchio rosso feta e noci,Orecchiette alle cime di rapa e salsiccia,Penne con speck croccante rucola e panna,Roast beef di manzo con pomodorini scaglie di grana e rucola,Riso basmati con uovo sodo spinaci e carote al vapore,Insalatone misto con tonno e uovo,Insalatone con mozzarella olive verdi e pomodorini 
10-06-2026,Pasta fredda con mozzarella pomodorini e basilico,Maccheroni all'amatriciana,Penne con pesto di cavolo nero e noci,Panino hamburgher con fontina insalata e patate al forno,Riso basmati con canellini al profumo di limone carote alla julienne ravanelli e rucola,Insalatone misto con tonno e uovo,Insalatone misto con speck croccante glassa d'aceto balsamico e scaglie di grana
11-06-2026,Pasta fredda con speck zucchine pomodorini e scaglie di grana,Gramigna pasticciata con ragù e panna,Sedanini alla boscaiola,Arrosto di tacchino tonnato con fagiolini,Riso basmati con feta cetrioli cipolla tropea e pomodorini,Insalatone misto con tonno e uovo,Insalatone greca con feta cipolla tropea cetrioli e pomodorini
12-06-2026,Pasta fredda con tonno pomodorini rucola e scaglie di grana,Spaghetti alla carbonara,Penne all'arrabbiata,Caprese con prosciutto crudo,Riso basmati con uovo all'occhio di bue guacamole pomodorini e ravanelli,Insalatone misto con tonno e uovo,Insalatone misto con pollo alla piatsra
13-06-2026,,,,,,,